<!--
    Input:
        manifest.xml
-->
<manifest version="5.0" type="device">
    <hal format="aidl">
        <name>android.hardware.nfc</name>
        <fqname>INfc/default</fqname>
    </hal>
    <hal format="aidl">
        <name>vendor.nxp.nxpnfc_aidl</name>
        <fqname>INxpNfc/default</fqname>
    </hal>
    <hal format="aidl" override="true">
        <name>vendor.sprd.hardware.soter</name>
    </hal>
    <hal format="aidl" override="true">
        <name>vendor.sprd.hardware.tui</name>
    </hal>
</manifest>
